y,X
0,ok lar joke wif u oni
1,free entri wkli comp win fa cup final tkt st may text fa receiv entri questionstd txt ratetc appli over
0,u dun say earli hor u c alreadi say
0,nah dont think goe usf live around though
1,freemsg hey darl week word back id like fun still tb ok xxx std chg send rcv
1,mobil month u r entitl updat latest colour mobil camera free call mobil updat co free
0,im gon na home soon dont want talk stuff anymor tonight k ive cri enough today
0,ive search right word thank breather promis wont take help grant fulfil promis wonder bless time
0,oh kim watch
0,im go tri month ha ha joke
0,im back amp pack car ill let know there room
1,thank subscript rington uk mobil charg month pleas confirm repli ye repli charg
0,oop ill let know roommat done
0,anyth lor u decid
0,pl go ahead watt want sure great weekend abiola
0,didnt get hep b immunis nigeria
0,wow never realiz embarass accomod thought like sinc best could alway seem happi cave im sorri didnt dont give im sorri offer im sorri room embarass
1,sm ac sptv new jersey devil detroit red wing play ice hockey correct incorrect end repli end sptv
0,know mallika sherawat yesterday find lturlgt
0,gon na pick burger way home cant even move pain kill
0,ok lar doubl check wif da hair dresser alreadi said wun cut v short said cut look nice
0,today song dedic day song u dedic send ur valuabl frnd first rpli
0,finish class
0,u call
0,like peopl much shi pa
0,ela kanoil download come wen ur free
0,havent plan buy later check alreadi lido got show e afternoon u finish work alreadi
0,hi wk ok hol ye bit run forgot hairdress appoint four need get home n shower beforehand caus prob u ham
0,im still look car buy gone drive test yet
0,thank lot wish birthday thank make birthday truli memor
0,plural noun research
0,wa ur openin sentenc formal anyway im fine juz tt im eatin much n puttin weighthaha anythin special happen
1,winner u special select receiv holiday flight inc speak live oper claim pmin
0,goodo ye must speak friday eggpotato ratio tortilla need
1,privat account statement show unredeem bonu point claim call identifi code expir
0,good stuff
0,knowyetund hasnt sent money yet sent text bother send dont involv anyth shouldnt impos anyth first place apologis
0,room
0,im home
1,sunshin quiz wkli q win top soni dvd player u know countri algarv txt ansr sptyron
0,check room befor activ
0,swt thought nver get tire littl thing lovabl person cozsomtim littl thing occupi biggest part heart gud ni
0,know pl open back
0,what staff name take class us
1,freemsg havent repli text im randi sexi femal live local luv hear u netcollex ltd p per msg repli stop end
0,ki delet contact
0,per request mell mell oru minnaminungint nurungu vettam set callertun caller press copi friend callertun
0,everywher dirt floor window even shirt sometim open mouth come flow dream world without half chore time joy lot tv show ill see guess like thing must exist like rain hail mist time done becom one
1,custom servic annonc new year deliveri wait pleas call arrang deliveri
0,keep safe need miss alreadi envi everyon see real life
0,new car hous parentsi new job hand
1,bangbab ur order way u receiv servic msg download ur content u goto wap bangb tv ur mobil internetservic menu
0,place ur point e cultur modul alreadi
0,hmmm thk sure got time hop ard ya go free abt muz call u discuss liao
0,haha awesom minut
0,ju reach home go bath first si use net tell u finish k
1,uniqu enough find th august wwwareyouuniquecouk
0,hamster dead hey tmr meet pm orchard mrt
0,sent ltgt buck
0,hello darlin ive finish colleg txt u finish u love kate xxx
0,account refil success inr ltdecimalgt keralacircl prepaid account balanc rs ltdecimalgt transact id kr ltgt
0,enter cabin pa said happi bday boss felt special askd lunch lunch invit apart went
0,aight yo dat straight dogg
0,yup noe leh
0,final match head toward draw predict
0,u say leh cours noth happen lar say v romant ju bit lor thk e nite sceneri nice leh
1,new mobil must go txt nokia collect todayfrom wwwtcbiz optout gbpmtmsg
0,would realli appreci call need someon talk
0,sorri batteri die yeah im
0,print oh ltgt come upstair
0,ill littl closer like bu stop street
0,pleassssssseeeee tel v avent done sportsx
0,okay shine meant sign sound better
0,u dont rememb old commerci
1,congratul ur award cd voucher gift guarante free entri wkli draw txt music tnc wwwldewcomwinppmxag
0,ranjith cal drpd deeraj deepak min hold
0,up day also ship compani take wk way usp take week get lag may bribe nipost get stuff
0,dont necessarili expect done get back though im headin
0,yup
0,luton ring ur around h
0,night end anoth day morn come special way may smile like sunni ray leav worri blue blue bay
0,usf guess might well take car
0,awesom ill see bit
0,got call tool
0,yeah think usual guy still pass last night get ahold anybodi let know ill throw
0,k might come tonight class let earli
0,accident delet messag resend pleas
0,shit realli shock scari cant imagin second def night u think somewher could crash night save taxi
0,oh way food fridg want go meal tonight
0,jo ask u wana meet
0,today accept dayu accept brother sister lover dear best clo lvblefrnd jstfrnd cutefrnd lifpartnr belovd swtheart bstfrnd rpli mean enemi
1,think ur smart win week weekli quiz text play nowtc winnersclub po box uz gbpweek
0,hmmm guess go kb n power yoga haha dunno tahan power yoga anot thk got lo oso forgot liao
0,realli dude friend im afraid
0,merri christma babe love ya kiss
0,id say that good sign well know track record read women
0,im read text sent meant joke read light
0,tadaaaaa home babe still
0,sleepingand surf
0,sorri ill call later
0,take post come must text happi read one wiv hello carolin end favourit bless
0,gudnitetcpractic go
0,today sorri day ever angri ever misbehav hurt plz plz slap urself bcoz ur fault im basic good
1,ur cashbal current pound maxim ur cashin send cash pmsg cc hgsuiteland rowwjhl
0,check audrey statu right
0,good afternoon sunshin dawn day refresh happi aliv breath air smile think love alway
0,say happen
0,taught ranjith sir call sm like becau he verifi project prabu told today pa dont mistak
1,doubl min txt month free bluetooth orang avail soni nokia motorola phone call mobileupd calloptoutndx
0,took mr owl lick
1,mth half price orang line rental latest camera phone free phone mth call mobilesdirect free updat orstoptxt
0,huh late fr dinner
0,hey sat go intro pilat kickbox
0,pick bout ish time go
0,perform award calcul everi two monthnot current one month period
1,free rington text first poli text get true tone help st free tone xpw end txt stop
0,none that happen til get though
0,yep great loxahatche xma tree burn ltgt start hour
0,messagesom text miss sendernam miss number miss sentdat miss miss u lot that everyth miss sent via fullonsmscom
0,oki ill go yan jiu skip ard oso go cine den go mrt one blah blah blah
1,free entri weekli competit text word win tc wwwtxttowincouk
1,send logo ur lover name join heart txt love name name mobno eg love adam eve yahoo poboxwwq txtno ad p
0,pain urin thing els
0,usual take fifteen fuck minut respond ye question
0,suppos wake gt
0,hey hey wereth monkeespeopl say monkeyaround howdi gorgeou
1,loan purpos homeown tenant welcom previous refus still help call free text back help
0,si si think ill go make oreo truffl
0,call cost guess isnt bad miss ya need ya want ya love ya
0,dont put stuff road keep get slipperi
0,go ride bike
1,okmail dear dave final notic collect tenerif holiday cash award call landlin tc sae box cwwx ppm
0,nice line said broken heart plz dont cum time infront wise trust u good
0,tension ahwhat machiani problem
0,yo carlo friend alreadi ask work weekend
0,depend qualiti want type sent boy fade glori want ralph mayb
0,sorryin meet ill call later
0,dear reach room
0,check nuerologist
1,congratul week competit draw u prize claim call b tcsstop sm ppm
0,latest gs still scroung ammo want give new ak tri
0,lol ok forgiven
0,nojst chang tat
1,guarante latest nokia phone gb ipod mp player prize txt word collect ibhltd ldnwh pmtmsgrcvd
0,sno competit
0,usual person unconsci that children adult may behav abnorm ill call
0,that ebay might less elsewher
0,that rude campu
1,urgent mobil award bonu caller prize nd attempt contact call boxqu
0,hi wont b ard christma enjoy n merri xma
1,today offer claim ur worth discount voucher text ye savamob member offer mobil cs sub unsub repli x
0,probabl gon na see later tonight lt
0,mayb fat finger press button doesnt know
0,tirupur da start offic call
0,special
0,wait ltgt min
0,sure get acknowledg astoundingli tactless gener faggi demand blood oath fo
0,lunchyou onlinewhi
0,aiyo u alway c ex one dunno abt mei repli first time u repli fast lucki workin huh got bao ur sugardad ahge
0,geeeee love much bare stand
1,gent tri contact last weekend draw show prize guarante call claim code k valid hr ppm
0,wot u wan na missi
0,know lab goggl went
0,nope wait sch daddi
0,huh earli dinner outsid izzit
0,exwif abl kid want kid one day
0,ya srsli better yi tho
1,ur chanc win wkli shop spree txt shop tsc wwwtxtshopcom custcar xpwk
1,special select receiv pound award call line close cost ppm tc appli ag promo
0,great
0,mind blastin tsunami occur rajnik stop swim indian oceand
0,happi come noon
1,xclusiveclubsaisai morow soire special zouk nichol parisfre rose ladi info
0,meant say cant wait see u get bore bridgwat banter
0,neva mind ok
0,fine imma get drink somethin want come find
0,call said himthen choos futur
0,like v shock leh co tell shuhui like tell leona also like dat almost know liao got ask abt ur reaction lor
0,sorri got thing may pub later
1,new textbuddi chat horni guy ur area p free receiv search postcod gaytextbuddycom txt one name
1,dear voucher holder claim week offer pc go httpwwwetlpcoukexpressoff tsc appli stop text txt stop
0,n funni
0,shower babi
0,watch cartoon listen music amp eve go templ amp church u
0,mind ask happen dont say uncomfort
1,premium phone servic call
0,mum repent
0,leav de start prepar next
0,carlosl minut still need buy
0,pay ltdecimalgt lakh
1,sm ac sun post helloy seem cool
0,ditto wont worri say anyth anymor like said last night whatev want ill peac
0,dont knw pa drink milk
0,want ask wait finish lect co lect finish hour anyway
0,everi king cri babi everi great build map imprtant u r today u wil reach tomorw gud ni
0,thank love torch bold
0,sister law hope great month say hey abiola
0,ah poop look like ill prob send laptop get fix cuz gpu problem
0,mum ask buy food home
0,ku also dont msg repli msg
0,true deari sat pray even felt soso smsd time
1,mth half price orang line rental latest camera phone free phone mth call mobilesdirect free updat orstoptxt tc
0,save stress person dorm account send account detail money sent
0,stuff sell ill tell
1,urgent nd attempt contact uu call b tcsbcmwcnxx callcost ppm mobilesvari max
0,book lesson msg call work sth im go get spec membership px
0,wondar full flim
0,ya even cooki jelli
0,co lar im ba dao ok pm lor u never ask go ah said u would ask fri said u ask today
0,exactli anyway far jide studi visit
0,lol wont feel bad use money take steak dinner
0,wish
0,ye glad made
0,monday next week give full gist
1,realiz year well thousand old ladi run around tattoo
0,get librari
0,reali sorryi dont recognis number confus r u pleas
1,romant pari night flight book next year call tsc appli
1,urgent ur guarante award still unclaim call closingd claimcod mm pmmorefrommobilebremovedmobypoboxlsyf
0,im nt goin got somethin unless meetin dinner lor haha wonder go ti time
0,cant pick phone right pl send messag
0,lol know theyr dramat school alreadi close tomorrow appar cant drive inch snow suppos get
0,get anywher damn job hunt
0,sleepingand surf
0,thank pick trash
0,happi new year dear brother realli miss got number decid send text wish happi abiola
0,dont think turn like randomlli within min open
0,e best ur drive tmr
0,ywhere u dogbreath sound like jan c that al
0,omg want scream weigh lost weight woohoo
0,realli get hang around
0,petey boy wherear friendsar thekingshead come canlov nic
0,k ill
0,sure make sure know aint smokin yet
0,take half day leav bec well
0,borrow ur bag ok
1,u outbid simonwatson shinco dvd plyr bid visit sm acsmsreward end bid notif repli end
0,where boytoy miss happen
1,smsservic yourinclus text credit pl goto wwwcomuknet login qxj unsubscrib stop extra charg help comuk cm ae
1,p alfi moon children need song ur mob tell ur ms txt tone chariti nokia poli chariti poli zed profit chariti
0,good even ttyl
0,hmm bit piec lol sigh
0,hahahaus brain dear
0,hey got mail
1,u secret admir reveal think u r special call opt repli reveal stop per msg recd cust care
1,dear voucher holder claim week offer pc pleas go httpwwwetlpcoukexpressoff tsc appli stop text txt stop
0,stomach thru much trauma swear cant eat better lose weight
1,today offer claim ur worth discount voucher text ye savamob member offer mobil cs sub unsub repli x
0,real babi want bring inner tigress
0,ah poor babyhop urfeel bettersn luv probthat overdos work hey go care spk u sn lot lovejen xxx
0,stop stori ive told ive return he say order
0,work go min
0,u find time bu coz need sort stuff
0,well offici philosoph hole u wan na call home readi save
0,ill text drop x
0,ugh long day im exhaust want cuddl take nap
0,castor need see someth
1,u secret admir look make contact ufind rreveal think ur specialcal
0,yoyyooo u know chang permiss drive mac usb flash drive
0,gibb unsoldmik hussey
0,like talk pa abl dont know
0,nutter cutter ctter cttergg cttargg ctargg ctagg ie
0,doesnt g class earli tomorrow thu shouldnt tri smoke ltgt
0,superb thought grate u dont everyth u want mean u still opportun happier tomorrow u today
1,free rington wait collect simpli text password mix verifi get usher britney fml
0,possibl teach
0,wonder phone batteri went dead tell love babe
1,lastest stereophon marley dizze racal libertin stroke win nookii game flirt click themob wap bookmark text wap
0,ok lor earli still project meet
0,call da wait call
0,peopl see msg think iam addict msging wrong bcoz dont know iam addict sweet friend bslvyl
0,hey gave photo regist drive ah tmr wan na meet yck
0,dont talk ever ok word
0,u wana see
0,shall fine avalarr hollalat
0,actual delet old websitenow blog magicalsongsblogspotcom
0,oh come ah
0,time think youll need know near campu
1,dear matthew pleas call landlin complimentari lux tenerif holiday cash await collect ppm sae tc box skxh
0,dun wear jean lor
0,sinc side fever vomitin
1,urgent call landlin complimentari tenerif holiday cash await collect sae tc box hp yf ppm
0,also ive sorta blown coupl time recent id rather text blue look weed
1,ur cashbal current pound maxim ur cashin send go pmsg cc po box tcrw
0,awesom lem know whenev your around
0,shb b ok lor thanx
0,also rememb get dobbi bowl car
1,filthi stori girl wait
0,sorri c ur msg yar lor poor thing one night tmr ull brand new room sleep
0,love isnt decis feel could decid love life would much simpler less magic
0,
0,yo chad gymnast class wan na take site say christian class full
0,sure night menu know noon menu
0,yar lor wan go c hors race today mah eat earlier lor ate chicken rice u
0,haha awesom omw back
0,eh u send wrongli lar
0,hey ad crap nite borin without ya boggi u bore biatch thanx u wait til nxt time il ave ya
0,start search get job daysh great potenti talent
0,look fuckin time fuck think
0,yo guess drop
0,geeee miss alreadi know think fuck cant wait till next year togeth love kiss
0,yun ahth ubi one say wan call tomorrowcal look ireneer got bu ubi cresubi tech parkph st wkg daysn
0,ugh got ta drive back sd la butt sore
0,hi im relax time ever get everi day parti good night get home tomorrow ish
0,wan come come lor din c stripe skirt
0,chang e one next escal
0,dont quit know still cant get hold anyon cud pick bout pm see theyr pub
0,dunno close oredi v fan
0,buy pizza meat lover suprem u get pick
0,dearregret cudnt pick calldrov frm ctla cochin homeleft mobil carent style ishtamayoohappi bakrid
1,free st week nokia tone ur mob everi week txt nokia get txting tell ur mate wwwgetzedcouk pobox wwq normpton
1,guess somebodi know secretli fanci wan na find give us call landlin dateboxessexcmxn pmin
0,lol forgot eh ye ill bring babe
0,today go colleg abl atten class
0,come round
0,avail soire june rd
1,eastend tv quiz flower dot compar violet e tulip f lili txt e f chanc win cash wkentp
0,im work technic support voic processnetwork field
0,ok sure time tho sure get librari class tri see point good eve
1,new local date area lot new peopl regist area repli date start wwwflirtpartyu repli
0,mum went dentist
0,free call sir wait
0,ju finish bath
0,download clear movi dvd copi
0,yep pretti sculptur
0,u get pic msg phone
0,send someon els
0,never noth
0,gift tri get throw cliff someth
0,someon smoke everi time ive smoke last two week call text want smoke
0,sfirst timedhoni rock
0,awesom think get th usf time tonight
0,im go lunch wif famili aft dat go str orchard lor
0,cancel cheyyamoand get money back
0,okok okthenwhat ur today plan
0,sorri ill call later
1,dont forget place mani free request stchoicecouk wish inform call
0,messagesom text miss sendernam miss number miss sentdat miss miss u lot that everyth miss sent via fullonsmscom
1,dont know u u dont know send chat let find pmsg rcvd hgsuitelandsrowwjhl ldn year
1,thank winner notifi sm good luck futur market repli stop custom servic
0,ok help ask she work tmr
0,im drive rain ill get caught e mrt station lor
0,said text one time
0,u find sitter kaitlyn sick slept day yesterday
0,sorri man accident left phone silent last night didnt check til got
0,hey someth came last min think wun sign tmr hee
0,sure neighbor didnt pick
0,haha yeah see sec
0,number sir
0,lol im hot air balloon
0,msg r time passthey silent say think u right also make u think least moment gd ntswt drm shesil
0,k give sec break ltgt cstore
0,yo around got car back
0,come home one last time wont anyth trust
0,also da feel yesterday night wait til day night dear
0,whole car appreci last two dad map read semi argument apart thing go ok p
0,ill text creepi like wont think forgot
0,damn make tonight want wait til tomorrow
0,kkim also finewhen complet cours
0,want send someth sell fast ltgt k easi money
0,oh ye speak txt u hmm u get email
0,shoot im doc wait room
0,hello site download song urgent pl
0,horribl gal sch stuff come u got mc
0,hi hun im comin nitetel everi im sorri hope u ava goodtimeoli rang melnit ifink mite b sortedbut il explain everythin monlrsx
0,ummmmmaah mani mani happi return day dear sweet heart happi birthday dear
0,yeah like goe like friend imma flip shit like half hour
0,plan pongal
0,yet chikkugo room nw im bu
1,hungri gay guy feel hungri call pmin stop text call pmin
0,im inperialmus listeningth weirdest track ever byleafcutt johnsound like insect molestedsomeon plumbingremix evil men acid
0,hey sorri didntgiv ya bellearli hunni
0,serious tell exact word right
1,network oper servic free cs visit biz
0,wot u u weirdo
0,lor
0,wait tv show start lor u leh still busi ur report
0,ever green quot ever told jerri cartoon person irrit u alway one love u vri much fail express gud nyt
0,wonder other took
0,dog must alway wait till end day word run time cell alreadi
0,eat jap done oso aft ur lect wat got lect rite
0,hey babe saw came onlin second disappear happen
0,sure drive reach destin soon
0,cocksuck make feel better ipad worthless garbag novelti item feel bad even want one
0,tot u reach liao said tshirt
0,right ill make appoint right
1,enjoy jamster videosound gold club credit new videosound logosmusicnew get fun jamstercouk help call
0,jokin oni lar busi wun disturb
0,u r much close heart u go away shatter plz stay
0,love u babe r u sure everyth alrit idiot txt bak girli
0,got got colour lor one colour quit light n e darker lor actual im done she style hair
0,ok
0,call plz number show coveragd area urgnt call vasai amp reach clock call plz
0,exam februari wish great day
0,dont know come ask question like dont mistak
0,good morn plz call sir
0,ok lar u sleep earli nite
0,oh icic k lor den meet day
0,chill anoth hr could sleep pain surgic emerg see unfold okay
0,yeah ill tri scroung someth
0,crazi ar he marri like gd look guy fren like say he korean leona fave dun thk aft think mayb prob ill go
0,noth much chillin home super bowl plan
0,goodnight sleep well da pleas take care pa pleas
0,convey regard
0,start send blackberri torch nigeria find buyer melik month tell dad buy bb anyon oh
0,yetund im sorri moji seem busi abl go shop pleas find way get want us get pleas forgiv repli free via yahoo messeng
1,hot live fantasi call p per min ntt ltd po box croydon cr wb k
0,dont know thing that wrong everyso often panick start goin bout bein good enough
0,tri make anoth butt
0,dnt wnt tlk wid u
0,storm msg wen u lift phne u say hello u knw wt real mean hello name girl ye u knw dat girl margaret hello girlfrnd f grahmbel invnt telphon moralon get name person
0,e best ur exam later
0,hope ur head doesnt hurt much plough way pile iron stay chinki tonight come round like
0,oh ki think wi nz player unsold
0,haha got fast lose weight thk muz go month den got effect geelat go aust put bk e weight
0,shall start hear
0,hungri
0,jay snicker tell x total fuck chord speak
0,lmao take pic send
0,dad went oredi
0,fact leav think addi goe back school tue wed
0,marriag function
0,stupidit possibl
0,fight world easi u either win lose bt fightng close u dificult u lose u lose u win u still lose
0,yalru lyfu astn chikku bt innu mundh lyf ali halla ke bilo marriageprogram edha lyf nt yet ovr chikkuali vargu lyfu meow meowd
0,ok good later come find c lucki told go earlier later pple take finish
0,account refil success inr ltdecimalgt keralacircl prepaid account balanc rs ltdecimalgt transact id kr ltgt
0,take small dose tablet fever
0,think far find check googl map place dorm
0,im guy browsin compulsori
0,sorri ill call later
0,moneya youmoney aint thinghow sha
0,hey gal anyon u go e drive centr tmr
0,hostbas idp linux system
0,need come home give good lovin
0,angri happen dear
0,hict employe
0,scream mean shout
0,hey happen de alright
0,pick receipt someth earlier
0,oh dang didnt mean send lol
1,nokia get win free auction take part send nokia hgsuiteland rowwjhl
0,k come nordstrom your done
0,press confer da
0,bishan lar nearer need buy earli co buy got ta park car
0,ok found di pierr cardin one look normal cost sale
0,got ga money chanc gang want go grand natur adventur
0,whatev im pretti piss
0,today accept dayu accept brother sister lover dear best clo lvblefrnd jstfrnd cutefrnd lifpartnr belovd swtheart bstfrnd rpli mean enemi
0,noi got rumour go buy apart chennai
0,near kalainar tv officethenampet
1,sm auction brand new nokia auction today auction free join take part txt nokia hgsuiteland rowwjhl
0,si catch e show e afternoon im watch w c u wan watch today tmr lor
0,nosi guess idk react im freak
0,hhahhaahahah rofl wtf nig leonardo room someth
0,wonder would okay call uncl john let know thing nigeria r ltgt dollar year sent know strain plan pay back everi dime give everi dime expect anyth practic someth like
0,that honeymoon outfit
1,regist subscrib yr draw gift voucher b enter receipt correct an next olymp txt an
1,urgent mobil number award prize guarante call land line claim valid hr ppm
0,heard job im go wildlif talk tonight u wantcom thatworzel wizzl whatev
0,god pick flower dippeditinadew lovingli touch itwhichturnedinto u gift tomeandsaidthi friend u
0,came hostel
0,ju tell u dat ill b leav shanghai st instead well haf time meet cya
0,friend u stay fb chat
1,u secret admir look make contact ufind rreveal think ur specialcal
0,hi dear call urgnt dont know what problem dont want work problem least tell wate repli
0,watch movi alreadi xy want shop im shop w
0,yesterday go home
0,come life brought sun shini warm heart put constant smile face make feel love care
0,shit wasnt surpris went spent even french guy met town fool around bit didnt let fuck
1,freemsgfeelin kinda lnli hope u like keep compani jst got cam mobi wan na c pictxt repli date msgp rcv hlp stop
0,alright set text man
0,ill post lr class
0,tht wat wright brother fli
0,u laugh realli loud u talk spontan u dont care other feel u probabl dear amp best friend goodeven dear
0,mostli like
0,v fan
0,yesbut said
1,monthli password wap mobsicom use wap phone pc
0,mani peopl seem special first sight remain special till last sight maintain till life end shja
0,today song dedic day song u dedic send ur valuabl frnd first rpli
0,okay wait ah
0,hi babe u r like bed im sorri tonight realli wan na see u tomorrow call love xxx
0,cramp stop go back sleep
1,today vodafon number end last four digit select receiv award number match pleas call claim award
1,free top rington sub weekli ringtoneget st week freesend subpoli per weekstop sm
1,sunshin quiz wkli q win top soni dvd player u know countri algarv txt ansr sptyron
0,gr see messag r u leav congrat dear school wat r ur plan
0,finish alreadi yar keep say mushi embarrass ok
0,sorri man stash ran dri last night cant pick sunday
0,come room come hous co hous still messi haha
0,might accid tookplac somewher ghodbandar rd traffic move slove plz slip amp dont worri
0,test earlier appreci call tomorrow
0,how loverboy keep come queen hmmm doesnt ach speak miss despar
0,u meet fren dun wan meet ah muz b guy rite
0,got back dislik bed
0,turn stereo love mi phone unknown album
1,hard live chat pmin choos girl connect live call cheap chat uk biggest live servic vu bcmwcnxx
0,ask u knw nt may ur frnd classmat
0,sorri earlier put firesar around talk actual life lol
0,u better go sleep dun disturb u liao u wake msg lor
0,thought prap meant anoth one goodo ill look tomorrow
0,bold ltgt
1,hi mandi sullivan call hotmix fmyou chosen receiv easter prize drawpleas telephon claim prize transfer someon els
0,think go finn come
0,cant pick phone right pl send messag
0,feel alway happi slowli becom habit amp final becom part life follow happi morn amp happi day
0,got itmail panren paru
0,ju came back fr lunch wif si u leh
0,miss ya need ya want ya love ya
0,u ever get song stuck head reason wont go away til u listen like time
0,got ur mail dileepthank muchand look forward lot supportveri less contact hererememb one venugop mentionedtomorrow latei shall tri come till theregoodnight dear
0,sometim heart remembr someon much forget someon soon bcoz heart like everyon like one rememb everytim bslvyl
0,joy father john john name joy father mandan
0,littl difficult simpl way enter place
0,watch tv got new job
0,dun believ u thk u told
1,win winner mr foley ipod excit prize soon keep eye ur mobil visit wwwwincouk
0,much gave morn
0,hey tell blake address carlo want meet got lost he answer phone
0,ok lor thanx school
0,bu leav ltgt
1,today voda number end select receiv award match pleas call quot claim code standard rate app
0,aight ill ask roommat
0,what hous beer
0,go write ccna exam week
0,dunno dat wat told ok lor
0,u dun wan u dun like alreadi ah wat u still eat
0,sent ur email id soon
0,hey gorgeou man work mobil number good one babe squishi mwah
0,may call later pl
0,rather promin bite mark right cheek
1,hack chat get backdoor entri chat room fraction cost repli neo call subscrib p pm dp bcm box ldn wcnxx
0,offic na
0,super dagood replac murali
0,dont want hear philosophi say happen
1,nd time tri contact u u pound prize claim easi call p per min btnationalr
0,made payment dont much sorri would want fedex way
0,didt play one day last year know even though good team like india
0,kyou girl wait recept ah
0,say slowli godi love amp need youclean heart bloodsend ten special peopl amp u c miracl tomorrow itplspl
0,hate turn fun shop trip annoy day everyth would look hous
0,ill let know kick
0,call number avail appoint ask connect call wahe fathima
0,today system sh get readyal well also deep well
1,hmv bonu special pound genuin hmv voucher answer easi question play send hmv infowwwpercentrealcom
0,come slave go shell unconsci avoid make unhappi
1,urgent pleas call landlin abta complimentari tenerif holiday cash await collect sae tc box cwwx ppm
0,uh head dont much left
0,love work home
0,sorri ill call later
0,stop old man get build snowman snow angel snowbal fight
0,hello beauti r u ok ive kinda ad row wiv walk pub want night wiv u miss u
0,want go
1,new textbuddi chat horni guy ur area p free receiv search postcod gaytextbuddycom txt one name rpl stop cnl
0,leav yet ok lor go elsewher n eat u thk
0,dont know bring food
0,call like ltgt time oh give us hypertens oh
0,omg could snow tonit
0,carri disturb
0,pa tell went bath
0,r u scratch
0,yeah ill leav coupl minut amp let know get mu
0,wait minstand bu stop
0,haha realli oh deduct lesson tmr
0,aight ill grab someth eat text your back mu
0,lol oh babe wont slide place midnight thank invit
0,howz person stori
0,laptop noe infra slow lar wan fast one
1,guarante award even cashto claim ur award call free stop getstop php
0,nvm ok
0,delhi chennai still silent
0,lol alright thinkin haha
1,repli win weekli fifa world cup held send stop end servic
0,sorri ill call later
0,sorri ill call later meet thing relat trade pleas call arul ltgt
0,hey late im amk need drink tea coffe
1,urgent pleas call landlin abta complimentari tenerif holiday cash await collect sae tc box cwwx ppm
0,length e e top shorter n got fring thk im go liao lazi dun wan distract u also
0,santha num corrct dane
0,basket gettin full might tonight
0,hi darlin ive got back realli nice night thank much lift see u tomorrow xxx
0,practis curtsey
0,lol boo hope laugh
0,yeh def someth sat
0,well leav class babe never came back hope nice sleep love
0,ill b go sch mon si need take smth
0,beauti truth graviti read care heart feel light someon feel heavi someon leav goodmorn
1,great news call freefon claim guarante cash gift speak live oper
0,better bb wont use wife doctor
0,nah man car meant cram full peopl
0,got new job bar airport satsgettin per hour mean lie keep touch
0,ugh cant u apolog admit u wrong ask take u back
0,ye im small kid boost secret energi
0,im gon na miss u much
0,simpli sit watch match offic
0,hey go lo lesson gym
0,dont pack buy storelik cereal must pack food pack gari someth ja miss
0,dun wan watch infern affair
1,mth half price orang line rental latest camera phone free phone mth call mobilesdirect free updat orstoptxt
0,de call time ill tell k
0,dont use hook
0,much blackberri bold nigeria
0,hi home calicut
0,hey darlin pick u colleg u tell wen mt love pete xx
0,late need go n get da laptop
0,sir wait mail
0,pleas charg mobil get morn
0,ugh fuck im resub eve
0,one slice one breadstick lol
0,hey want crave miss need love ahmad saeed al hallaq
0,train tomorrow
0,pass di ur contact n see wat u get redim luv wid u blueu put smile face purpleu r reali hot pinku r swt orangei thnk lyk u greeni reali wana go wid u yelowi wnt u bck blackim jealou u browni miss nw plz giv one color
0,co daddi arrang time c wat time fetch mah
1,sexi singl wait text age follow gender wither f egf gay men text age follow g egg
0,good night dear sleepwellamptak care
0,yar lor actual quit fast co da ge slow wat haha
0,must come later normal bath da afternoon mah
0,trust even isnt
0,take like noon
0,im aight wat happen side
0,im done oredi
0,wish great semest
0,im cant give everyth want need actual could better yor ownyouv got money cant get work cant get man cant pay rent cant even fill fuck ga tank ye im stress depress didnt even call home thanksgiv cuz ill tell im noth
0,fetch yun u fetch
0,thank like well
1,freeday sexi st georg day pic jordantxt pic dont miss everi wk sauci celeb pic c pocketbabecouk wk
0,lara said loan ltgt
0,time week ryan
0,argh g spotti anyway thing rememb research provinc sterl problemfre place look
0,know result
0,sorri im get feel realli bad total reject kinda thing
0,well im go aunti
0,mine like fr china noisi
0,start search get job daysh great potenti talent
0,well done luv ya
0,juz rememb got ta bath dog today
0,drug abl eat
0,alright took morphin back yo
0,stayin troubl strangersaw dave day he sort nowstil bloke u gona get girl mrur mum still think get getha
0,tabl occupi im wait tree
0,sure dont forgot comei alway touch
0,hi kindli give us back document submit loan stapati
0,hey cuti goe wale kinda ok like hill shit still avent kill
0,think go honesti road call bank tomorrow tough decis make us great peopl
0,specialis work slave labor look month sha co shakara beggar
0,repli boy chang phone number
0,go write msg put dictionari mode cover screen hand press ltgt gentli remov ur hand interest
0,hi darlin im way london smash anoth driver big dent im realli miss u u xxx
0,im come home dinner
1,shop till u drop either k k cash travel voucher call ntt po box crbt fixedlin cost ppm mobil vari
0,im work pleas call
0,babe goe day sip cappuccino think love send kiss across sea
1,free camera phone linerent month cross ntwk min price txt bundl deal also avbl call calloptoutj mf
0,ooh got im gon na start belli danc moseley wed u want join cafe
0,congrat treat pendingi mail dayswil mail thrurespect mother homecheck mail
0,call one pick e phone ask alreadi said ok
0,im movi call wat
0,sure stomach
0,haha im dinner cousin
0,soon real thing princess make wet
0,rajipl favour pl convey birthday wish nimya pl today birthday
0,haha leg neck kill amigo hope end night burn think could swing like hour
0,ok ill let noe later n ask call u tmr
1,guarante cash prize claim yr prize call custom servic repres ampm cost p
0,what room number wan na make sure im knock right door
0,give someth drink take doesnt vomit temp might drop unmit howev let know
0,u buy newspap alreadi
0,boo im way mom she make tortilla soup yummmm
0,lol enjoy role play much
0,lov line hurt truth
0,show wot say could u c dust
0,take ltgt min
0,cant pick phone right pl send messag
0,u know watchin lido
0,haha awesom ive u coupl time all come
0,hmmbad newshyp park plaza studio takenonli left bedrm
0,two letter copi co one messag speak soon
1,new messag pleas call
1,forward hi mailbox messag sm alert messag match pleas call back retriev messag match
0,nothin come mind help buy hanger lor ur laptop heavi
0,stalk u
0,ok lor
0,xma stori peac xma msg love xma miracl jesu hav bless month ahead amp wish u merri xma
1,urgent mobil number bonu caller prize nd attempt reach call asap box nqp ppm
0,fine thank
0,weird know one point
0,aww must nearli deadwel jez iscom todo workand whilltak forev
0,go write msg put dictionari mode cover screen hand press ltgt gentli remov ur hand interest
0,yar els ill thk sort funni thing
1,pleas call immedi urgent messag wait
0,nohe join today
0,hope youv settl new school year wishin gr day
1,fantasi footbal back tv go sky gamestar sky activ play k dream team score start saturday regist nowski opt
0,r home come within min
0,hmm mani unfortun pic obvious arent hot cake kinda fun tho
0,im way home went chang batt watch go shop bit lor
0,reach ten morn
0,pussi perfect
1,someon contact date servic enter phone becausethey fanci find call landlin pobox wrg p
0,messageno responcewhat happend
0,pick ur fone u dumb
0,okey doke im home dress co lay around ill speak later bout time stuff
0,well told other youd marri
0,neshanthtel r u
0,jesu christ bitch im tri give drug answer fuck phone
1,sm servic inclus text credit pl gotto wwwcomuknet login qxj unsubscrib stop extra charg help comukcm ae
0,err cud im go pm havent got way contact
0,oh k kbut big hitteranyway good
0,think move ltgt week
0,she find sent offlin messag know anjola
0,txting drive
0,indian r poor india poor countri say one swiss bank director say ltgt lac crore indian money deposit swiss bank use taxless budget ltgt yr give ltgt crore job indian villag delhi lane road forev free power supli ltgt social project everi citizen get monthli ltgt ltgt yr need world bank amp imf loan think money block rich politician full right corrupt politician itna forward karo ki pura india padhegm
0,oh ya ya rememb da
0,ltgt great loxahatche xma tree burn updat total see star
0,ye dont care need bad princess
0,u knw di ltgt
0,dun believ wat
0,left dessert u wan go suntec look u
0,abeg make profit start use get sponsor next event
0,anyth lar
0,world famamu
0,come friday leav pongaldo get news work place
0,way
1,final chanc claim ur worth discount voucher today text ye savamob member offer mobil cs savamob pobox muz sub
1,sppok ur mob halloween collect nokia logop messag plu free eeri tone txt card spook
0,pansi youv live jungl two year drive worri
0,lol that differ dont go tri find everi real life photo ever took
0,doc appoint next week im tire shove stuff ugh couldnt normal bodi
0,dun b sad dun thk abt alreadi concentr ur paper k
0,greet consid excus
0,ola would get back mayb today told direct link us get car bid onlin arrang ship get cut u partnership u invest money ship take care restuwud b self reliant soon dnt worri
0,hello boytoy made home constant thought love hope nice visit cant wait till come home kiss
0,u talk
0,yup
0,ok
0,er yep sure prop
0,ok ill send ltdecimalgt ok
1,free entri weekli comp send word win tc wwwtxttowincouk
0,that haf combin n c lor
0,monthli amount terribl pay anyth till month finish school
0,hmmmhow mani player select
0,dont send plu how mode
0,compani goodenviron terrif food realli nice
0,honestli ive made love cup tea promptli drop key burnt finger get
0,im done c
0,give time walk
0,fuck babe happen come never came back
1,messag brought gmw ltd connect
0,friend want drive em someplac probabl take
0,still get good
0,kkim also finewhen complet cours
0,told dr appt next week think im gon na die told check noth worri didnt listen
0,hey leav friday wait ask superior tell
1,congrat mobil g videophon r call videochat wid ur mate play java game dload polyph music nolin rentl bx ip p
0,dunno let go learn pilat
0,lol take member said aunt flow didnt visit month caus develop ovarian cyst bc way shrink
0,tmr timin still da wat co got lesson
1,sunshin quiz wkli q win top soni dvd player u know countri liverpool play mid week txt ansr sptyron
0,got fujitsu ibm hp toshiba got lot model say
0,gosh pain spose better come
0,call time job today ok umma ask speed
0,ye innoc fun
0,thank send mental abil question
0,went ur hon lab one
0,lol nah wasnt bad thank good b home quit realiti check how ur day u anyth websit
0,daal r ltgt
1,free ring tone text poli everi week get new tone yr wk
0,unni thank dear rechargerakhesh
0,cal sir meet
0,tiwari rcbbattl bang kochi
0,thank god bed
0,sorri ill call later
0,dai ltgt naal eruku
0,want final lunch today
0,de look good
0,ft good combin
0,im sick im needi want pout stomp feet pout stomp feet want slave want
1,new tone week includ mcflyall ab sara jorgeshock smithswitch order follow instruct next messag
0,im da bu go home
0,got call landlin number ask come anna nagar go afternoon
1,sport fan get latest sport news str ur mobil wk free plu free tone txt sport wwwgetzedcouk norm txtp
0,nice new shirt thing wear nudist theme mu
0,whenev see still hook
0,hiya sorri didnt hav signal havent seen heard neither unusu ill put case get sort hug snog
0,yup alreadi thanx print n hand
0,nah im perpetu dd
0,sorri de went shop
0,wen ur lovabl bcum angri wid u dnt take serious coz angri childish n true way show deep affect care n luv kettoda manda nice day da
0,hey still want go yogasana coz end cine go bath hav steam bath
0,nope im drivin neva develop da photo lei
0,oki thanx
0,go n buy juz buy get lar
0,ok lor
0,nope c
1,urgent pleas call landlin complimentari lux costa del sol holiday cash await collect ppm sae tc jame ehrr
0,havent lei next mon
0,mm feel sleepi today shall get dear
0,noe ben go
0,mag meet avo point
0,meant middl left right
0,realli crash cuddl sofa
0,hi chachi tri call u unabl reach u pl give miss cal u c tiz msg kanagu
0,sent price mean ltgt g
0,much buzi
0,tick tick tick babe
0,r go today meet
0,ya nowonion roast
0,sat right okay thank
0,good trip watch rememb get back must decid easter
0,sure night menu know noon menu
0,arr birthday today wish get oscar
1,marri local women look discreet action real match instantli phone text match msg cost p stop txt stop bcmsfwcnxx
0,way ur home
1,burger king wan na play footi top stadium get burger king st sept go larg super cocacola walk winner
1,come take littl time child afraid dark becom teenag want stay night
0,dude u knw also telugutht gudk gud nyt
0,kind took garag centr part exhaust need replac part order n take fix tomo morn
0,well might come
0,well right im gon na get check today steam salespe text want come get
0,arriv see coupl day lt
0,cthen thk shd b enuff still got conclus n content pg n refer ill b da content pg n cover pg
1,uve bin award play instant cash call claim everi th player win min optout
0,puriti friendship two smile read forward messageit smile see name gud evng musthu
0,depend u go lor
1,decemb mobil mth entitl updat latest colour camera mobil free call mobil updat co free
0,oh yeah forgot u take shop
0,say slowli godi love amp need youclean heart bloodsend ten special peopl amp u c miracl tomorrow itplspl
0,last much hour might get lucki
1,gr poli tone mob direct u rpli poli titl eg poli breath titl crazyin sleepingwith finest ymca getzedcouk poboxowwq p
1,romcapspam everyon around respond well presenc sinc warm outgo bring real breath sunshin
1,congratul thank good friend u xma prize claim easi call p per minut btnationalr
0,normal hot mail com see
1,youv tkt euro cup final cash collect call b pobox ppm
0,easi mate guess quick drink bit ambiti
0,babe miiiiiiissssssssss need crave geeee im sad without babe love
0,class hour sorri
1,chanc realiti fantasi show call p per min ntt ltd po box croydon cr wb nation rate call
0,she fine good hear dear happi new year oh
0,doubt could handl time per night case
0,haha hope hear receipt sound gd luck
0,gon na death im gon na leav note say rob fault aveng
1,adult content video shortli
0,mum ive sent mani mani messag sinc got want know actual get enjoy rest day
1,chanc realiti fantasi show call p per min ntt ltd po box croydon cr wb nation rate call
0,actual first time went bed long spoke woke night
0,see
0,dont understand messag
0,u still paint ur wall
0,batteri low babe
0,babe said hour almost internet
0,collect ur laptop go configur da set izzit
0,aight latest probabl closer jay tyler two trip
0,bill letter im expect one orang isnt bill may still say orang
0,ha dont know either clever simpl thing pear day perfect christma
0,guy go see movi side
0,didnt tell thatnow im think plu he go stop run
0,kindli send one flat ltdecimalgt today
1,sorri u unsubscrib yet mob offer packag min term week pl resubmit request expiri repli themob help info
0,noth lor bit bore dun u go home earli sleep today
0,xy ur car u pick
0,thanx time weve spent geva bin mint ur babi want uxxxx
0,yo way could pick someth tonight
0,tht god gift bird human hav natur gift frm god
0,wuld without babi thought alon mite break dont wan na go crazi everyboy need ladi xxxxxxxx
0,hi test ltgt rd
0,student solv cat question xam ltgt ltgt ltgt tell answer u r brilliantthingi got answr
0,yup n fren lor im meet fren
0,stop wonder wow ever go stop tming tm whenev want mine laugh
0,lol yep yesterday alreadi got fireplac anoth icon sit
0,ok happen behav like
0,leav u alway ignor
0,nope ill b go sch fri quit earli lor co my si got paper da morn
0,hey free call
0,think might give miss teach til twelv lectur two damn work thing
0,would im still cozi exhaust last nightnobodi went school work everyth close
0,buzzzz grin buzz ass buzz chest buzz cock keep phone vibrat feel shake
0,sir send group mail check
0,nonenowher ikno doesdiscountshitinnit
0,good babi
0,mostli sport typelyk footblcrckt
0,u make fb list
0,sari need tim bollox hurt lot tol
0,love u littl poci bell sorri love u
0,ok omw castor
0,eat fo lunch senor
0,said right giggl saw u would possibl first persondi nvq think much could
0,idea guess well work hour suppos leav sinc usual nobodi interest figur shit last second
0,mm entir sure understood text hey ho weekend
0,id onluy matter get offcampu
1,youv tkt euro cup final cash collect call b pobox ppm
0,ew one
0,also hi wesley howv
0,imagin life without see fast u search medont worri lm alway disturb u goodnoon
0,thank much selfless love plenti
0,film ill call later
0,finish lunch alreadi u wake alreadi
0,record one night
0,gon na let know co come bak holiday day come dontgettext number
0,jokin lar depend phone father get lor
0,bother trust answer pl
0,slaaaaav must summon time dont wish come anymor
0,bill that bad
0,pleas leav topicsorri tell
1,eastend tv quiz flower dot compar violet e tulip f lili txt e f chanc win cash wkentp
0,woke yeesh late didnt fall asleep til ltgt
1,unsubscrib servic get ton sexi babe hunk straight phone go httpgotbabescouk subscript
0,kkfrom tomorrow onward start ah
0,u talk bout earli morn almost noon
0,fine rememb
0,boy best get yo ass quick
0,ay wana meet sat wkg sat
0,im wait till bu pick
0,somebodi go andro steal ice
0,know didt msg recent
0,ssi thinl role like sachinjust stand other hit
0,ok lor ned go toa payoh return smth u wan send wat
0,ask how anthoni dad bf
0,wnevr wana fal luv vth book bed fal luv vth yen madodu nav pretsorginta nammanna pretsovru import alwa gud eveb
0,staffsciencenusedusgphyhcmkteachingpc
0,emigr someth ok mayb bit hope
0,tessypl favor pl convey birthday wish nimyapl dnt forget today birthday shija
0,remind hr
0,lol gon na last month cash left ltgt case collect week caus announc blog
0,short cute good person
0,havent decid yet eh
0,uncl abbey happi new year abiola
0,r u say order slipper co pay return
0,stop know well
0,small problem auctionpunj ask tiwari
0,tell tell one treat hi hi hi
1,st wk free gr tone str u wk txt nokia classic nokia tone hit poli nokiap polyp
0,your right think
0,custom place call
0,plan yet go join compani jan onlydon know happen
0,ill get tomorrow send
0,oh that late well good night give u call tomorrow iam go go sleep night night
0,cheer u tex mecaus u werebor yeah okden hunni r uin wk satsound likeyour havin grfun j keep updat countinlot lovem xxxxx
0,tag friend seem count friend
0,long time rememb today
0,havent shop lor juz arriv
0,thank u better work caus feel use otherwis
0,mysteri solv open email he sent anoth batch isnt sweeti
0,still otsid leu come morrow maga
0,u still plumber tape wrench could borrow
1,ur go bahama callfreefon speak live oper claim either bahama cruis cash opt txt x
0,havent still waitin usual come back sch oredi
0,k k watch film
0,mani peopl seem special first sight remain special till last sight maintain till life end take cr da
0,good morn pooki pie lol hope didnt wake u
0,howz person stori
0,x ltgt go get
1,ur award citi break could win summer shop spree everi wk txt store skilgmetscswinawkageperwksub
0,ur paper today e morn aft
0,deam see onlin shop ask
0,okay lor wah like def wont let us go haha say term condit
0,haha yup hope lose kg mon hip hop go orchard weigh
0,home also
0,what ur pin
0,babi promis treat well bet take good care
0,like hotel dusk game think solv puzzl area thing
0,well must pain catch
0,sorri da thangamit mistak
0,need coz never go
1,ur cashbal current pound maxim ur cashin send collect pmsg cc po box tcrw
0,yup comin
0,ye princess toledo
0,ron say fri leh n said ding tai feng cant make reserv said wait lor
0,good swimsuit allow
0,cute thought friendship necessari share everi secret ur close frnd
0,good morn dear great amp success day
0,pl accept one day beg chang number
0,come medic colleg pm forward da
0,peopl tour thought sofa thing sent curiou sugar
0,shore takin bu
0,ok come n pick u engin
0,never want tell im short onedg late
0,finish eat got u plate leftov time
0,solv case man found murder ltdecimalgt ltgt afternoon wife call polic polic question everyon wife siri sleep murder took place cook cook garden pick veget housemaid went post offic children went play neighbour went marriag polic arrest murder immedi who repli reason u r brilliant
0,tot group mate lucki havent repli wat time need leav
0,hey around ive got enough half ten owe
0,alrit sam nic checkin ur numberso ittb
0,make easi pay back ltgt yr say pay back earlier get
1,someon u know ask date servic contact cant guess call reveal pobox lshb p
0,beauti tomorrow never come come alreadi today hunt beauti tomorrow dont wast wonder today goodmorn
0,dunno lei decid lor abt leona oop tot ben go n msg
1,rct thnq adrian u text rgd vatian
0,stop call everyon say might cancer throat hurt talk cant answer everyon call get one call im babysit monday
0,itll tough ill
0,ee msg na poortiyagi odalebeku hanumanji name hanuman bajarangabali maruti pavanaputra sankatmochan ramaduth mahav ee name ltgt janarig ivatt kalisidar next saturday olag ondu good news keluviri maretar ind dodda problum nalli siguviri idu matra ltgt true dont neglet
0,hi darlin work u get troubl ijust talk mum morn realli good time last night im goin soon call u
1,free messag activ free text messag repli messag word free term condit visit wwwcom
0,nope juz work
0,huh fast dat mean u havent finish paint
0,put parti day week studi lightli think need draw custom checkbox know hardcor
0,send yetti number pl
0,much cost approx per month
0,u go back urself lor
0,havent forgotten might coupl buck send tomorrow k love ya
0,oh great ill disturb talk
0,revers cheat mathemat
0,ure welcom caught u use broken english
0,oh brand
0,minimum walk mile day
0,brainless babi dolld vehicl sariyag drive madok barolla
0,pleas attend phone
0,yo trip got postpon still stock
0,hey elain today meet still
0,sorri ive gone place ill tomorrow realli sorri
0,tiim dont let hug dont break tear
0,also andro ice etc etc
0,
0,yup wun believ wat u realli neva c e msg sent shuhui
1,complimentari star ibiza holiday cash need urgent collect landlin lose boxskwpppm
0,oop mum somerset bit far back tomo see soon x
0,kalli dismissi nd test
1,pleas call immedi urgent messag wait
0,r u cook dinner
0,buy
0,simpl arithmet percentag
0,amaz quot sometim life difficult decid what wrong lie bring smile truth bring tear
0,uhhhhrmm isnt tb test bad your sick
1,life never much fun great came made truli special wont forget enjoy one gbpsm
1,valu custom pleas advis follow recent review mob award bonu prize call
1,welcom pleas repli age gender begin eg
1,freemsg month unlimit free call activ smartcal txt call subscriptngbpwk unlimit call help stoptxt stop landlineonli
1,new club dont fink met yet b gr c u pleas leav msg day wiv ur area repli promis carli x callsminmobsmor lkpoboxhpfl
0,hi darlin youphon im athom youwanna chat
0,yeah get random dude need chang info sheet parti ltgt never studi safe
0,christma occas celebr reflect ur valu desir affectionsamp tradit ideal christma
0,plan
1,get free mobil video player free movi collect text go free extra film order ts cs appli yr
1,save money wed lingeri wwwbridalpetticoatdreamscouk choos superb select nation deliveri brought weddingfriend
0,wiskey brandi rum gin beer vodka scotch shampain wine kudiyarasu dhina vaazhthukk
0,mon oki lor haha best cheap n gd food la ex oso oki depend whether wana eat western chines food den u prefer
0,sit ard noth lor u leh busi w work
0,sorri mail
0,ya tell abt tht incid
0,ugh got outta class
0,nowaday peopl notixiqu laxinorf opportun bambl entrop ever oblising opt ur book masteriast amplikat fidalf champlaxig think atroci wotz ur opinion junna
0,dont file bagi work call mei tell find anyth room
0,lunch come quickli open door
1,bloomberg messag center wait appli futur httpcareer bloombergcom
0,seek ladi street freak sheet
0,actual fuck whatev find excus tampa point januari though
0,get back time soon
0,night end anoth day morn come special way may smile like sunni ray leav worri blue blue bay gud mrng
0,got new year co yetund said want surpris didnt see money return mid januari ltgt day return period end
0,chang window logoff sound
0,ok
0,happi birthday may u find ur princ charm soon n dun work hard
0,oh grand bit parti doesnt mention cover charg probabl first come first serv
0,hope arnt piss id would realli like see tomorrow love xxxxxxxxxxxxxx
0,say ltgt year old man money im last ltgt still wait check
0,free day finish mon n thur
0,two fundament cool life walk
0,camera quit good mega pixel optic digit doom love holiday safe hope hav good journey happi new year see coupl week
0,hi peteynoim ok want chat coz avent spoken u long timehop ur doin alritehav good nit js love ya amx
0,im seriou money base
0,alreadi one guy love
0,staff placement train amrita colleg
0,im job profil seem like bpo
0,will go app class
0,im sorri bout last nite wasnt ur fault spous pmt sumthin u give think u shldxxxx
0,tri neva mate
0,send naughti pix
0,prepar pound everi night
0,actual mobil full msg work onlin need send ltgt sent msg wil explain u later
0,good even
0,im home pleas call
1,rock yr chik get filthi film xxx pic yr phone rpli filth saristar ltd e yt p per day stop cancel
0,dad want talk apart got late start omw
0,eye philosophi
0,alreadysabarish ask go
0,still chanc search hard get itlet tri
0,know taj mahal symbol love lesser known fact mumtaz shahjahan th wife wife shahjahan kill mumtaz husband marri mumtaz die ltgt th deliveri marri mumtaz sister question aris hell love great hari
1,collect valentin weekend pari inc flight hotel prize guarante text pari wwwrtfsphostingcom
1,custom loyalti offerth new nokia mobil txtauction txt word start get tctxt tc pmtmsg
1,wont believ true incred txt repli g learn truli amaz thing blow mind ofwd ptxt
0,said dun haf passport smth like dat juz send email account
0,love night wake see messag hope smile know great morn
0,right meanwhil how project twin comin
0,sent maga money yesterday oh
0,heart empti without love mind empti without wisdom eye r empti without dream amp life empti without frnd alwi touch good night amp sweet dream
0,werear free give otherwis nalla adi entey nattil kittum
0,huh cant go ur hous empti hand right
0,good morn princess happi new year
1,congratul youv your winner august prize draw call prize code
0,aight well head
0,wat r u busi wif work
0,jay told alreadi
0,im sure check happen around area
0,call unabl cal let meet bhaskar deep
0,ill meet librari
0,meet u work tel shall work tomorrow
1,get offici england poli rington colour flag yer mobil tonight game text tone flag optout txt eng stop box wwx
0,big differ ltgt versu ltgt everi ltgt hr
0,know hook mean right
1,custom servic announc recent tri make deliveri unabl pleas call reschedul ref
0,wat da model num ur phone
1,stop club tone repli stop mix see mytonecomenjoy html term club tone cost gbpweek mfl
0,sorri left phone upstair ok might hectic would bird one fell swoop date
0,thought didnt see
1,wamma get laidwant real doggin locat sent direct mobil join uk largest dog network txt dog nownyt eca lp msg
0,carlo say pick later yeah set
0,huh also mani mistak
0,im turn phone mom tell everyon cancer sister wont stop call hurt talk cant put see u u get home love u
0,moji inform save live thank
0,hey r still onlin ive finish format
0,great attract brotha
1,promot number ur award citi break could win summer shop spree everi wk txt store skilgm tscswinawkag perwksub
0,hello hello hi lou sorri took long repli left mobil friend lancast got bak neway im sorri couldnt make ur bday hun
0,ill meet lobbi
0,still come tonight
0,tirupur call da
1,winner special select receiv cash award speak live oper claim call ampm cost p
0,hey loverboy love tell look pictur ach feel leg fuck want need crave
0,boy sweet word left morn sigh goe day love start studi
0,town v import
0,oh get paid outstand one commerci hasbroin august made us jump mani hoop get paid still
0,lateso call tomorrow morningtak care sweet dreamsu meummifyingby
0,yeah gang readi
1,hi night ur lucki night uve invit xchat uk wildest chat txt chat pmsgrcvdhgsuitelandsrowwjhl ldn yr
0,aldrin rakhesh ex rtm herepl callurg
0,isnt frnd neces life imagin urself witout frnd hwd u feel ur colleg watll u wth ur cell wat abt function thnk abt event espel care miss amp irrit u wrd dearlov frnd wthout u cant live jst takecar goodmorn
0,gud mrng dear hav nice day
0,how street end librari walk
0,plz note anyon call mobil co amp ask u type ltgt ltgt disconnect callcoz iz attempt terrorist make use sim card itz confirmd nokia n motorola n verifi cnn ibn
0,stop get ice cream go back
0,stitch trouser
0,hey im bore im think u wat r u
0,nobodi name peni girl name stori doesnt add
0,aight let know your gon na around usf
0,neva tell noe im home da aft wat
0,bit ur smile hppnss drop ur tear sorrow part ur heart life heart like mine wil care u forevr goodfriend
1,dear voucher holder claim st class airport loung pass use holiday voucher call book quot st class x
1,ye place town meet excit adult singl uk txt chat pmsg
0,ask keep one mayb that didnt get messag sent glo
0,ki send ltgt min
0,would smoke help us work difficult time
0,sir goodmorn free call
0,love girl offic may wonder smile sore
0,uncl timi help clear car
0,came hostel go sleep plz call class hrishi
0,ok lor msg b u call
1,mila age blond new uk look sex uk guy u like fun text mtalk pptxt st free increment help
0,fishrman woke earli mrng dark wait amp found sack ful stone strtd throwin thm sea pass time atlast ju stone sun rose amp found tht r nt stone diamond moraldont wake earli mrng good night
1,claim shop spree call mobstorequizppm
0,sure dont mean get
0,love want flood pretti pussi cum
0,also rememb bead dont come ever
0,feb ltgt love u day send di ur valu frnd evn come back ull gt marri person u luv u ignor di u lose ur luv evr
0,actual nvm got hella cash still ltgt ish
0,dude makin weirdi browni sister made awesom cooki took pic
0,excel wish togeth right
0,pl wont beliv godnot jesu
0,sorri brah finish last exam
0,miss much im despar record messag left day listen hear sound voic love
0,howz painit come todaydo said ystrdayic medicin
0,yeah that thought lem know anyth goin later
0,pl go today ltgt dont want excus
0,plz tell an bslvyl sent via fullonsmscom
0,rounderso requir
0,truekdo u knw di ltgt
0,oh ya got hip hop open haha think go jazz zoom cine actual tonight im free leh there kb lesson tonight
1,free msg singl find partner area real peopl wait chat nowsend chat cncl send stopc per msg
1,free msg ringtonefrom httptm widelivecomindex wmlidbaeceffffirsttruejul
0,pure heart person wonder smile make even hisher enemi feel guilti enemi catch world smile goodmorn amp smiley sunday
0,sorri sir call tomorrow senthilhsbc
1,link pictur sent also use httpaltocoukwavewaveaspo
0,like person size
0,unlimit text limit minut
0,problem spend lot qualiti time togeth
0,ye last practic
0,oki
0,depend would like treat
0,wait e car mum lor u leh reach home alreadi
1,import custom servic announc call freephon
0,today accept dayu accept brother sister lover dear best clo lvblefrnd jstfrnd cutefrnd lifpartnr belovd swtheart bstfrnd rpli mean enemi
0,thing chang sentenc want concentr educ career im leav
0,izzit still rain
0,wasnt enough troubl sleep
0,havent add yet right
0,nooooooo im gon na bore death day cabl internet outag
0,yeah fact ask need anyth like hour ago much
0,lor ya go dinner togeth
1,refus loan secur unsecur cant get credit call free text back help
0,probabl wont eat today think im gon na pop weekend u miss
0,sent lanr fakey eckankar detail mail box
0,ask say pleas messag
0,e time go w u lor
0,callin say hi take care bruv
0,that troubl class go well your due dodgey one expect mine tomo see recoveri time place
0,night night see tomorrow
0,u think girl propos u today se ur bloodi funki shit fuck faceasssssholeee
0,fren go lor alon wif mum n si lor
0,hey miss tm last night phone charg smile meet friend shortli
0,hello sort town alreadi dont rush home eat nacho let know eta
0,way ur home
0,dizzamn aight ill ask suitem get back
0,nimbomson yep phone know one obvious co that real word
0,love cuddl want hold strong arm right
0,kkwhen give treat
1,nd time tri contact u u prize claim easi call p per minut btnationalr
0,he gon na worri noth wont give money use
0,forgot work today wan na chat thing ok drop text your free bore etc ill ring hope well nose essay xx
1,receiv week tripl echo rington shortli enjoy
0,place get room cheap
1,uve select stay top british hotel noth holiday valu dial claim nation rate call bx swss
0,univers southern california
0,u gd lor go shop got stuff u wan watch infern affair come lar
0,ye princess go make moan
0,lol ok didnt rememb til last nite
0,cool ill text
0,wot u thout u gon na call txt bak luv k
0,dont flatter tell man mine two pint carlin ten minut pleas
0,liter bed like ltgt hour
1,win cash prize prize worth
0,slept timey
0,hi di yiju meet pm esaplanad tonight
0,hi dear saw dear happi batteri low
0,age how abj
0,prof pass paper sem congrat student enna kalaachutaarama prof gud mrng
0,dont kick coco he
0,fyi im gon na call sporad start like ltgt bc doin shit
1,tbspersolvo chase us sinc sept definit pay thank inform ignor kath manchest
0,hope your much fun without see u tomorrow love jess x
0,ok wont call disturb one know avoid burden
0,ive reach home n bath liao u call
0,sir good morn hope good weekend call let know abl rais ltgt dad howev said would make rest avail mid feb amount still quit short hope would help good day abiola
0,hey doc pl want get nice shirt hubbi nice fite one budget ltgt k help pl load card abi hwkeep post luv mj
0,think thank see tomo
1,hot live fantasi call p per min ntt ltd po box croydon cr wb nation rate call
0,pl send address sir
0,ill see prolli yeah
0,doinghow
0,sure thing big man hockey elect shouldnt go longer hour though
0,watch lor saw swatch one thk quit ok ard need nd opinion leh
0,yunni im goin late
0,hey sexi bun told ador loverboy hope rememb thank sister law meatbal grin love babe
0,may b approv panalambut post
0,hi babi ive got back work want see u allday hope didnt piss u phone today u give call xxx
1,freemsg today day readi im horni live town love sex fun game netcollex ltd p per msg repli stop end
0,yahoo boy bring perf legal
0,need say anyth know outsid
0,ever one foot
0,got ltgt
0,ever green quot ever told jerri cartoon person irrit u alway one love u vri much fail express gud nyt
1,simpson movi releas juli name band die start film agreen day bblue day cred day send b c
0,that shame mayb cld meet hr tomo
0,cant wait cornwal hope tonight isnt bad well rock night shite anyway im go kip good night speak soon
0,pl help tell sura im expect batteri hont pl send messag download movi thank
0,comin fetch us oredi
0,what nanni address
0,singl singl answer fight plu said broke didnt repli
0,got tv watch meh u work today
1,dear voucher holder claim week offer pc pleas go httpwwwwtlpcouktext tsc appli
1,congrat nokia video camera phone call call cost ppm ave call min vari mobil close post bcm ldn wcnxx
0,pl what full name joke school co fee univers florida seem actual ltgt k pl holla back
0,sorri ill call later
0,he lag that sad part keep touch thank skype
0,two team wait player
0,send copi da report
0,hmm ok ill stay like hour co eye realli sore
0,dear got bu directli calicut
0,well gener price ltgt oz let know ifwhenhow much want
0,ltgt w jetton ave forgot
0,use foreign stamp countri
1,want funk ur fone weekli new tone repli tonesu text wwwringtonescouk origin n best tone gbp network oper rate appli
0,come tomorrow di
0,c movi juz last minut decis mah juz watch lar tot interest
0,enjoy semest take care brother
0,let use next week princess
0,want kfc tuesday buy meal gravi mark
0,attend noth
0,anyth lor go go lor
0,yo around friend mine lookin pick later tonight
0,stupid auto correct phone
0,doubl evict week spiral michael good riddanc
0,ok that cool either raglan rd edward rd behind cricket ground gim ring ur closebi see tuesday
0,buy one egg dapleas
0,start skye
0,love hope anyth drastic dont dare sell pc phone
1,freemsg record indic may entitl pound accid claim free repli ye msg opt text stop
0,life style garment account pleas
0,sez how u de arab boy hope u r good give love evri love ya eshxxxxxxxxxxx
0,oki
0,aight im chillin friend room text your way
0,much eighth
0,youll never believ actual got taunton wow
0,broke list reason nobodi town cant tell she sarcast faggi
0,beauti sleep help ur pimpl
0,kind miss train co asthma attack nxt one half hr drive sure park
0,im glad follow dream
0,ive reach home final
1,urgent import inform user today lucki day find log onto httpwwwurawinnercom fantast surpris await
0,scienc tell chocol melt sunlight pleas dont walk sunlight bcozi dont want loss sweet friend
0,congrat that great want tell tell score co might make relax motiv thank share
0,inform ikea spell cap yell thought left sit bed among mess came said go got home class pleas dont tri bullshit make want listen less
1,well done costa del sol holiday await collect call toclaim sae tc pobox stockport skxh costpm maxmin
0,hurt teas make cri end life die plz keep one rose grave say stupid miss u nice day bslvyl
0,ta job avail let know pleas co realli need start work
0,good good billi mate gone jog enjoy concert
0,wasnt well babe swollen gland throat end
0,aight well keep inform
0,search good dual sim mobil pa
0,seem unnecessarili hostil
0,nope ill come onlin
0,ha wouldnt say didnt read anyth way u seem dont like judgementali save friday pub
0,enjoy urself tmr
0,still around could use halfth
0,dont think u got think use got good ni
0,evri emot dsnt hav wordsevri wish dsnt hav prayr u smile world wit uothrwis even drop tear dsnt lik stay wit uso b happi good morn keep smile
0,rememb
0,ujhhhhhhh comput ship address sandiago parantella lane wtf poop
0,like di sweater fr mango size alreadi irrit
0,mathew tait edward anderson
0,sim watch live
0,know god creat gap finger one made come amp fill gap hold hand love
0,good friend care close friend understand true friend stay forev beyond word beyond time gud ni
1,one regist subscrib u enter draw gb gift voucher repli enter unsubscrib text stop
0,awesom plan get time like ltgt ill text detail wee bit
1,chanc win free bluetooth headset simpli repli back adp
0,also didnt get na hi hi hi hi hi
0,stupid say challeng godyou dont think write instead respond im
0,v skint fanci bevieswaz gona go meet othr spoon jst bin watchng planet earthsofa v comfey dont make hav gd night
0,alright thank advic enjoy night ima tri get sleep
0,someth u ate
0,bank say money
0,yar lor u noe u use dat rout
0,u look da lib got stuff havent finish yet
0,sound great im go sleep good night
0,pleas tell special stock talk
0,ive told everyth stop dont let get dehydr
0,guess ltgt min
0,want mapquest someth look usf dogwood drive
0,thank repli today ur visa come r u still buy gucci bag sister thing easi uncl john also bill realli need think make money later sha
0,cheer callin babesozi culdnt talkbut wannatel u detail later wenwecan chat properli x
0,hey u still gym
0,noth smsing u n xy lor sorri lor da guy neva c u person sort know u lor u wan meet xy ask bring u along next meet
0,lem know swing pick im free basic time semest
1,receiv mobil content enjoy
0,meet soon princess ttyl
0,good weekend
0,call get chanc plz lt
0,new deu ex game comin earli next yr
0,probabl coupl hour top
0,lol grin im babe thank think
0,man bu slow think your gon na get
0,case wake wonder forgot take care someth grandma today done parad
0,ok
0,nvm take ur time
0,wot u bitch
0,abl anyth
0,random saw old roomat campu graduat
0,got part nottingham hr mile good thing love man much mph hey ho
0,ive sent part
0,dont forget though love walk besid watch keep heart warm
0,wish thing differ wonder abl show much valu pl continu brisk walk drug without askin pleas find thing laugh love dearli
0,money steve mate
0,im late tellmiss im way
0,ive tri reach without success
0,never lei v lazi got wat dat day send da url cant work one
0,hope good week check
0,haha friend tyler liter ask could get dubsack
0,hey u fanci meetin cha hav lil beverag txt ring meet lr quit tire got vpist love pete x x x
0,symptom u love u like listen song u get stop u see name belov u wont get angri
0,gettin rdi ship comp
0,honeybe said im sweetest world god laugh amp said waitu havnt met person read msg moral even god crack joke gmgngegn
0,buy blackberri bold torch buy new use let know plu say buy ltgt g wifi ipad say ltgt g
1,wan na laugh tri chitchat mobil logon txting word chat send cm po box london wa zf pmsg rcvd
0,cha quiteamuz thatscool babe
0,omg u know ate
1,congratul ur award cd voucher gift guarante free entri wkli draw txt music
0,cours math one day one chapter one month finish
0,noooooooo pleas last thing need stress life fair
0,ok wun b angri msg u aft come home tonight
0,good time nice someth bit differ weekend chang see ya soon
0,yo sorri shower sup
0,im stuck da middl da row da right hand side da lt
0,laid airtel line rest
0,hi u decid wot get bday ill prob ju get voucher frm virgin sumf
0,live next ltgt min
0,sorri da gone mad mani pend work
0,much got clean
0,how favourit person today r u workin hard couldnt sleep last nite nearli rang u
1,sunshin quiz win super soni dvd record cannam capit australia text mquiz b
0,receiv understood n act upon
0,final came fix ceil
1,today voda number end select receiv reward match pleas call quot claim code standard rate appli
0,oh wow that gay firmwar updat help
0,wont move morphin
0,oh ho first time u use type word
0,captain vijaykanth comedi captain tvhe drunken
0,sorri din lock keypad
0,god creat gap btwn ur finger dat sum vri special fill gap hold ur hand plz dont ask creat much gap leg
0,pleas protect ethreat sib never ask sensit inform like passwordsatmsm pin thru email never share password anybodi
1,xma reward wait comput randomli pick loyal mobil custom receiv reward call
0,prasanth ettan mother pass away last night pray famili
1,privat account statement show unredeem point call identifi code expir
0,cant pick phone right pl send messag
0,call tell infront call
0,ok prob
0,probabl im almost ga get cash tomorrow
0,forgot ask smth there card da present lei want write smth sign
0,im leav hous
0,sri dajst nw came home
0,that cool hell night lem know your around
0,stay town
0,ok u take shop u get paid
0,tessypl favor pl convey birthday wish nimyapl dnt forget today birthday shija
0,guy get use dumb realiz
1,win winner mr foley ipod excit prize soon keep eye ur mobil visit wwwwincouk
0,that cool princess cover face hot sticki cum
0,k addi amp art ill get home
0,aiyo lesson earli im still sleepin haha oki u go home liao den confirm w lor
0,forgot tell smth like number section clearer
0,yup anyth lor u dun wan ok
0,im home love still awak love kiss
1,free game get rayman golf free game arcad st get ur game set repli post save activ press key arcad termsappli
0,therel minor shindig place later tonight interest
0,ive reach alreadi
0,dont know ask brother noth problem thing told
0,possess especi first offens
0,nt drive even mani reason call bbdtht chikku hw abt dvg coldheard tht vinobanagar violenc hw conditionand hw ru problem
0,bought test yesterday someth let know exact day u ovulatewhen get u wk pl pl dont fret know u r worri pl relax also anyth ur past histori u need tell
1,camera award sipix digit camera call fromm landlin deliveri within day
0,thanx u darlinim cool thanx bday drink nite morrow take care c u soonxxx
0,well boy glad g wast night applebe noth
1,cashbincouk get lot cash weekend wwwcashbincouk dear welcom weekend got biggest best ever cash give away
0,u wan haf lunch im da canteen
0,mani peopl seem special first sight remain special till last sight maintain till life end shja
0,u r beauti girl ive ever seen u r babi come c common room
0,sen told go join uncl financ cbe
0,yup hey one day fri ask miwa jiayin take leav go karaok
1,urgent call landlin complimentari ibiza holiday cash await collect sae tc po box sk wp ppm
0,dont know she get messag
0,cool tyler take gon na buy drop place later tonight total order quarter got enough
0,sorri delay ye master
0,honey pl find much sell predict nigeria mani time use import repli monday
0,home work meh
0,
0,lol tri make day littl interest
0,long get repli defer admiss til next semest
1,new mobil must go txt nokia collect today wwwtcbiz optout gbpmtmsg txtauction
0,hope pee burn tonit
0,yay cant wait parti togeth
0,photoshop make comput shut
0,need detail onlin job
1,valu vodafon custom comput pick win prize collect easi call
0,escap theatr go watch kavalan minut
0,sthi increas chanc win
0,mayb find someth els instead
0,like new hous
0,hey guy know breath neck get bud anyway youd abl get half track usf tonight
0,respons one power weapon occupi place other heart
0,nokia phone lovli
1,bore housew chat n date btnation rate pmin landlin
0,oh shit thought trip loooooool make much sens grin sofa refer sleep couch link sent wasnt went trip oh didnt babe go celebr rent
0,tension face smile face wast face innoc face terror face cruel face romant face lovabl face decent face ltgt joker face
0,dip cell dead come u better respond els shall come back
1,lyricalladief invit friend repli ye see wwwsmsacuhmmross stop send stop frnd
1,polyphon tone ur mob everi week txt pt st tone free get txtin tell ur friend ptone repli hl info
0,pl make note she expos also find school anyon els vomit dog cat hous let know later
0,sound like could lot time spent chastiti devic boy grin take beat like good dog go loung nice long bath
0,wors use half way stop better complet
0,miser dont tell u side effect birth control massiv gut wrench cramp first month didnt sleep last night
0,convey regard
0,half year miss friendship
0,cant pick phone right pl send messag
1,free polyphon rington text super get free poli tone week sn pobox nr zs subscript pw
0,love holiday monday feel even go dentist hour
0,way tirupur
1,goal arsen henri v liverpool henri score simpl shot yard pass bergkamp give arsen goal margin min
0,drop em omw back
0,ok let u noe leav hous
1,hi sexychat girl wait text text great night chat send stop stop servic
0,match startedindia ltgt
0,free call sir
0,hey want anyth buy
0,hey babe how go ever figur go new year
0,go home liao ask dad pick
0,im eatin lor goin back work soon e mountain deer show huh watch b liao nice
0,check maili mail varma kept copi regard membershiptak careinsha allah
0,wrong phone phone answer one assum peopl dont well
1,great news call freefon claim guarante cash gift speak live oper
0,want ltgt rs dado
0,want see pretti pussi
0,peopl game im mall iouri kaila
0,cme want go ho morow wil cme got dear didnt say time
0,hey come onlin use msn
0,aiyo u poor thing u dun wan eat u bath alreadi
0,boy late home father power frndship
0,jade paul didnt u txt u rememb barm want talk u txt
0,said okay sorri
0,slept thinkthi time ltgt pm danger
0,network job
0,that u haf keep busi
0,rush im work im school rush go hungri
0,hey kate
0,talk
0,still around look pick later
1,cd u congratul ur award cd gift voucher gift guarante freeentri wkli draw xt music tnc wwwldewcomwinppmxag
0,oh k come tomorrow
0,mobil numberpl sm ur mail idconvey regard achanammarakheshqatar
0,think two still need get cash def readi
1,dear xxxxxxx uve invit xchat final attempt contact u txt chat pmsgrcvdhgsuitelandsrowwjhl ldn yr
0,cool last littl get time soon
0,gon na ask lol think
0,go chase run she cross street
0,realli good see day dudett miss
0,mani time told stage use laugh listen aha
1,wont believ true incred txt repli g learn truli amaz thing blow mind ofwd ptxt
1,natali f invit friend repli ye see wwwsmsacunataliek stop send stop frnd
0,desir u go doctor liver get bit stylish get ur hair manag that
0,tick tick tick could die loneli know pout stomp feet need
0,lmao know well
1,doubl min doubl txt price linerent latest orang bluetooth mobil call mobileupd latest offer calloptoutlf
0,hey next sun there basic yoga cours bugi go pilat intro next sat tell time r free
0,geeeee internet realli bad today eh
0,brother transfer ltgt ltgt pa
0,hai dear friend new amp present number rajitha raj ranju
1,want new nokia colour phone deliveredtomorrow free minut mobil free text free camcord repli call
0,keep ur problem ur heart
0,aiya discuss later lar pick
0,wont anyth de
0,st andr virgil cream
0,fri ah oki lorgoin drivin den go shoppin tt
0,gokila talk aha
0,aight call your close
1,msg mobil content order resent previou attempt fail due network error queri customersqueriesnetvisionukcom
0,boy love gal propsd bt didnt mind gv lv lttr bt frnd threw thm boy decid aproach gal dt time truck speed toward gal wn hit girld boy ran like hell n save ask hw cn u run fast boy repli boost secret energi n instantli girl shout energi n thi live happili gthr drink boost evrydi moral stori hv free msgsd gud ni
0,sign matur start say big thing actual start understand small thing nice even bslvyl
0,u definit need modul e human di sem izzit u wan take modul st
0,thank fill complet calm reassur
0,aslamalaikkuminsha allah tohar beeen muht albi mufti mahfuuzmean
0,hi chikku send nice msg
0,sday joinedso train start today
0,nice pub near franki n benni near warner cinema
0,im offic dawher
0,oh unintent bad time great finger train play along give fifteen min warn
1,get garden readi summer free select summer bulb seed worth scotsman saturday stop go notxtcouk
0,kthen come wenev u lik come also tel vikki come get free time
0,ok r meet later
0,ok leav need ask
0,still got lesson sch
0,dun believ leh tot told true alreadi thk muz c us tog believ
0,im go lunch
0,aight text tonight well see what
0,u
0,rajipl favour pl convey birthday wish nimya pl today birthday
0,hi hope u r ok said would text hasnt u seen let gentli pleas
0,im town ill ju take mrt later
0,upload mine facebook
0,sorri ill call later
1,spook mob halloween collect logo pic messag plu free eeri tone txt card spook zed p per logop
1,call germani penc per minut call fix line via access number prepay direct access wwwtelediscountcouk
0,fineabsolutli fine
1,mobil mth updat free orang latest colour camera mobil unlimit weekend call call mobil upd freefon stoptxt
0,reach ur home ltgt minut
0,keep ten rs shelf buy two egg
0,late
0,die want u stuff
0,smile pleasur smile pain smile troubl pour like rain smile sum hurt u smile becoz someon still love see u smile
0,prabhaim sorydarealyfrm heart im sori
1,privat account statement fone show unredeem point call identifi code expir
1,chosen receiv award pl call claim number collect award select receiv valu mobil custom
0,hey project start aha da
0,yeah still give ride
0,part check iq
0,u come n search tat vidnot finishd
0,k im leav soon littl
0,yeah work fine start last week stuff dull easi guy fun
0,pleas tell car key purs
0,didnt get anyth da
0,cbe chennai
0,gud niswt drmstake care
0,anyth lar go home dinner
0,u wan come dinner tonight
0,hellohow u doingwhat u u b move flat co need arrang pick lamp etc take care hello carolin
0,latebut kwish
0,dunno leh cant rememb mayb lor wat time r meet tmr
0,helloooo wake sweet morn welcom enjoy day full joy gud mrng
0,vikki come around lttimegt
0,sent ur email id soon
0,hey dont forget mine possess properti mmm childish smile
0,dear call
0,xy tri smth u eat alreadi havent
0,well good morn mr how london treatin ya treacl
0,ill min look
0,kkim go tirunelvali week see uncl alreadi spend amount take dress want moneyi give feb
0,havent got da topic yet rite
0,aah bless how arm
0,dear sirsalam alaikkumprid pleasur meet today tea shopw pleas send contact number qatarrakhesh indianpl save numberrespect regard
0,gal n boy walk park galcan hold ur hand boyi u think would run away galno jst wana c feel walk heaven princegn
0,make happi
0,wish wonder week
0,dude im longer pisc im aquariu
0,garbag bag egg jam bread hannaford wheat chex
0,pride im almost ltgt year old shouldnt takin money kid your suppos deal stuff grownup stuffwhi dont tell
1,u r subscrib textcomp wkli comp st wk free question follow subsequ wk chargedpmsg unsubscrib txt stop custcar
0,parent kidz friend n colleagu scream surpris wait sofa nake
0,good morn princess great day
0,guai shd haf seen he naughti free today go jog
0,aiyo co sm neva repli wait repli lar tot havent finish ur lab wat
1,camera award sipix digit camera call fromm landlin deliveri within day
0,tri figur im suppos see coupl differ peopl week said wed get togeth didnt set date
1,datingi two start sent text talk sport radio last week connect think coincid
0,dont want leav im bare stay sane fight constantli isnt help
0,somebodi set websit play hold em use eve onlin spacebuck
0,im work pleas call
0,gentl babi soon take ltgt inch deep insid tight pussi
0,nt joke serious told
0,done hand dont know mega shop asda count celebr that im
0,babe think got ur brolli left english wil bring mrw u luv franxx
0,pl give prometazin syrup ml ltgt min later feed
0,mani day sinc
0,first time everyth
0,ask u meet da ge tmr nite
0,nope forgot show next week
0,ok ksri knw sivatat askd
0,u horribl gal u knew dat go wif yest n u still come n ask
0,make time tonight whenev cool text whenev your around
0,your gon na way specif
0,youdo later sar xxx
1,latest news polic station toilet stolen cop noth go
0,im wonder right
0,wish beauti day moment reveal even thing keep smile enjoy
1,sparkl shop break per person call visit wwwshortbreaksorguk
0,sorri ill call later
0,ok thk got u wan come wat
1,txt call claim reward hour talk time use phone subscribegbpmnth inc hr stoptxtstop wwwgambtv
0,u goin nite
1,get garden readi summer free select summer bulb seed worth scotsman saturday stop go notxtcouk
0,well obvious peopl cool colleg life went home
1,urgent tri contact last weekend draw show u prize guarante call claim code k valid hr p pm
0,pick variou point go yeovil motor project hour u take home max easi
0,also fuck famili go rhode island wherev fuck leav alon week new bong gt
0,ofcours also upload song
0,oh thank loti alreadi bought egg
0,k sent
1,marvel mobil play offici ultim spiderman game ur mobil right text spider game send u free ball wallpap
0,cool shall go see go tip anyway home got someth drop later let go town tonight mayb mum take us
0,good afternoon love goe day sleep hope well boytoy think
1,sm servic inclus text credit pl goto wwwcomuknet login qxj unsubscrib stop extra charg help comuk cm ae
1,privat account statement show unredeem point call identifi code expir
0,told tell stupid hear wont tell anyth dad call brother spoken
0,went project centr
0,reassur crazi world
0,make dinner
0,ye pleas leav ltgt ltgt leav
0,oh oki lorw go sat
0,mile smile r made frm letter u know differ smile ur face keep happi even though mile away u keep smile good nyt
0,way ive put skip right outsid front hous see hous pull
0,dont want hear anyth
0,big chic common declar
0,that cool want pleas
0,want tell bad feel basic time text late need drug
1,want explicit sex sec ring cost pmin gsex pobox wcn xx
0,hi durban still number
0,ic lotta childporn car
0,tri weekend v
0,cool time think get
0,wen get spiritu deep that great
0,safe trip nigeria wish happi soon compani share moment
0,yeh indian nice tho kane bit shud go drink sometim soon mite hav go da work laugh soon love pete x x
0,arent next ltgt hour imma flip shit
0,anyth lor juz us lor
0,ok lor soni ericsson salesman ask shuhui say quit gd use consid
0,dont wait til least wednesday see get
0,b go esplanad fr home
0,guy bitch act like id interest buy someth els next week gave us free
